{
    "nodes": [
        {
            "name": "area"
        },
        {
            "name": "bar chart"
        },
        {
            "name": "block matrix"
        },
        {
            "name": "blog post"
        },
        {
            "name": "bump chart"
        },
        {
            "name": "combination"
        },
        {
            "name": "cumulative line"
        },
        {
            "name": "custom"
        },
        {
            "name": "d3"
        },
        {
            "name": "dashboard"
        },
        {
            "name": "dashifyr"
        },
        {
            "name": "datatables"
        },
        {
            "name": "dimple"
        },
        {
            "name": "gallery"
        },
        {
            "name": "highcharts"
        },
        {
            "name": "leaflet"
        },
        {
            "name": "line chart"
        },
        {
            "name": "map"
        },
        {
            "name": "morris"
        },
        {
            "name": "multiple"
        },
        {
            "name": "nvd3"
        },
        {
            "name": "parallel coordinates"
        },
        {
            "name": "parcoords"
        },
        {
            "name": "polychart"
        },
        {
            "name": "rickshaw"
        },
        {
            "name": "sankey"
        },
        {
            "name": "scatter"
        },
        {
            "name": "scatterplot"
        },
        {
            "name": "shinyapp"
        },
        {
            "name": "standalone visualization"
        },
        {
            "name": "table"
        },
        {
            "name": "timeline"
        },
        {
            "name": "timelinejs"
        },
        {
            "name": "tutorial"
        },
        {
            "name": "TimelyPortfolio"
        },
        {
            "name": "Ramnath Vaidyanathan"
        },
        {
            "name": "Alex Bresler"
        },
        {
            "name": "Ian Dunham"
        },
        {
            "name": "pssGuy"
        },
        {
            "name": "Thomas Reinholdsson"
        }
    ],
    "links": [
        {
            "source": "area",
            "target": "standalone visualization",
            "value": 2
        },
        {
            "source": "bar chart",
            "target": "standalone visualization",
            "value": 3
        },
        {
            "source": "block matrix",
            "target": "standalone visualization",
            "value": 1
        },
        {
            "source": "blog post",
            "target": "TimelyPortfolio",
            "value": 1
        },
        {
            "source": "bump chart",
            "target": "standalone visualization",
            "value": 1
        },
        {
            "source": "combination",
            "target": "multiple",
            "value": 2
        },
        {
            "source": "cumulative line",
            "target": "tutorial",
            "value": 1
        },
        {
            "source": "custom",
            "target": "standalone visualization",
            "value": 1
        },
        {
            "source": "d3",
            "target": "cumulative line",
            "value": 1
        },
        {
            "source": "d3",
            "target": "custom",
            "value": 1
        },
        {
            "source": "d3",
            "target": "sankey",
            "value": 5
        },
        {
            "source": "dashboard",
            "target": "shinyapp",
            "value": 1
        },
        {
            "source": "dashifyr",
            "target": "dashboard",
            "value": 1
        },
        {
            "source": "datatables",
            "target": "table",
            "value": 2
        },
        {
            "source": "dimple",
            "target": "block matrix",
            "value": 1
        },
        {
            "source": "dimple",
            "target": "multiple",
            "value": 2
        },
        {
            "source": "dimple",
            "target": "scatter",
            "value": 2
        },
        {
            "source": "gallery",
            "target": "TimelyPortfolio",
            "value": 3
        },
        {
            "source": "highcharts",
            "target": "area",
            "value": 2
        },
        {
            "source": "highcharts",
            "target": "bar chart",
            "value": 1
        },
        {
            "source": "highcharts",
            "target": "line chart",
            "value": 1
        },
        {
            "source": "highcharts",
            "target": "scatterplot",
            "value": 1
        },
        {
            "source": "leaflet",
            "target": "map",
            "value": 1
        },
        {
            "source": "line chart",
            "target": "standalone visualization",
            "value": 1
        },
        {
            "source": "line chart",
            "target": "tutorial",
            "value": 1
        },
        {
            "source": "map",
            "target": "shinyapp",
            "value": 1
        },
        {
            "source": "morris",
            "target": "line chart",
            "value": 1
        },
        {
            "source": "morris",
            "target": "multiple",
            "value": 1
        },
        {
            "source": "multiple",
            "target": "gallery",
            "value": 3
        },
        {
            "source": "multiple",
            "target": "shinyapp",
            "value": 1
        },
        {
            "source": "multiple",
            "target": "standalone visualization",
            "value": 1
        },
        {
            "source": "multiple",
            "target": "tutorial",
            "value": 5
        },
        {
            "source": "nvd3",
            "target": "bar chart",
            "value": 2
        },
        {
            "source": "nvd3",
            "target": "scatterplot",
            "value": 1
        },
        {
            "source": "parallel coordinates",
            "target": "tutorial",
            "value": 1
        },
        {
            "source": "parcoords",
            "target": "parallel coordinates",
            "value": 1
        },
        {
            "source": "polychart",
            "target": "multiple",
            "value": 4
        },
        {
            "source": "polychart",
            "target": "scatterplot",
            "value": 1
        },
        {
            "source": "rickshaw",
            "target": "bump chart",
            "value": 1
        },
        {
            "source": "rickshaw",
            "target": "multiple",
            "value": 1
        },
        {
            "source": "sankey",
            "target": "blog post",
            "value": 1
        },
        {
            "source": "sankey",
            "target": "standalone visualization",
            "value": 3
        },
        {
            "source": "sankey",
            "target": "tutorial",
            "value": 1
        },
        {
            "source": "scatter",
            "target": "standalone visualization",
            "value": 1
        },
        {
            "source": "scatter",
            "target": "tutorial",
            "value": 1
        },
        {
            "source": "scatterplot",
            "target": "standalone visualization",
            "value": 3
        },
        {
            "source": "shinyapp",
            "target": "Ramnath Vaidyanathan",
            "value": 3
        },
        {
            "source": "standalone visualization",
            "target": "Alex Bresler",
            "value": 2
        },
        {
            "source": "standalone visualization",
            "target": "Ian Dunham",
            "value": 1
        },
        {
            "source": "standalone visualization",
            "target": "pssGuy",
            "value": 2
        },
        {
            "source": "standalone visualization",
            "target": "Ramnath Vaidyanathan",
            "value": 6
        },
        {
            "source": "standalone visualization",
            "target": "Thomas Reinholdsson",
            "value": 2
        },
        {
            "source": "standalone visualization",
            "target": "TimelyPortfolio",
            "value": 8
        },
        {
            "source": "table",
            "target": "standalone visualization",
            "value": 2
        },
        {
            "source": "timeline",
            "target": "standalone visualization",
            "value": 2
        },
        {
            "source": "timelinejs",
            "target": "timeline",
            "value": 2
        },
        {
            "source": "tutorial",
            "target": "Ramnath Vaidyanathan",
            "value": 2
        },
        {
            "source": "tutorial",
            "target": "TimelyPortfolio",
            "value": 8
        }
    ]
}