{
  "nodes": [
    {
      "name": "Solar"
    },
    {
      "name": "Electricity_Generation"
    },
    {
      "name": "Residential"
    },
    {
      "name": "Commercial"
    },
    {
      "name": "Industrial"
    },
    {
      "name": "Nuclear"
    },
    {
      "name": "Hydro"
    },
    {
      "name": "Wind"
    },
    {
      "name": "Geothermal"
    },
    {
      "name": "Natural_Gas"
    },
    {
      "name": "Transportation"
    },
    {
      "name": "Coal"
    },
    {
      "name": "Biomass"
    },
    {
      "name": "Petroleum"
    },
    {
      "name": "Net_Electricity_Import"
    },
    {
      "name": "Rejected_Energy"
    },
    {
      "name": "Energy_Services"
    }
  ],
  "links": [
    {
      "source": "Solar",
      "target": "Electricity_Generation",
      "value": 0.61
    },
    {
      "source": "Solar",
      "target": "Residential",
      "value": 0.22
    },
    {
      "source": "Solar",
      "target": "Commercial",
      "value": 0.1
    },
    {
      "source": "Solar",
      "target": "Industrial",
      "value": 0.03
    },
    {
      "source": "Nuclear",
      "target": "Electricity_Generation",
      "value": 8.44
    },
    {
      "source": "Hydro",
      "target": "Electricity_Generation",
      "value": 2.67
    },
    {
      "source": "Wind",
      "target": "Electricity_Generation",
      "value": 2.53
    },
    {
      "source": "Geothermal",
      "target": "Electricity_Generation",
      "value": 0.15
    },
    {
      "source": "Geothermal",
      "target": "Residential",
      "value": 0.04
    },
    {
      "source": "Geothermal",
      "target": "Commercial",
      "value": 0.02
    },
    {
      "source": "Natural_Gas",
      "target": "Electricity_Generation",
      "value": 11.0
    },
    {
      "source": "Natural_Gas",
      "target": "Residential",
      "value": 5.15
    },
    {
      "source": "Natural_Gas",
      "target": "Commercial",
      "value": 3.61
    },
    {
      "source": "Natural_Gas",
      "target": "Industrial",
      "value": 10.4
    },
    {
      "source": "Natural_Gas",
      "target": "Transportation",
      "value": 0.87
    },
    {
      "source": "Coal",
      "target": "Electricity_Generation",
      "value": 12.1
    },
    {
      "source": "Coal",
      "target": "Commercial",
      "value": 0.02
    },
    {
      "source": "Coal",
      "target": "Industrial",
      "value": 1.2
    },
    {
      "source": "Biomass",
      "target": "Electricity_Generation",
      "value": 0.5
    },
    {
      "source": "Biomass",
      "target": "Residential",
      "value": 0.52
    },
    {
      "source": "Biomass",
      "target": "Commercial",
      "value": 0.15
    },
    {
      "source": "Biomass",
      "target": "Industrial",
      "value": 2.55
    },
    {
      "source": "Biomass",
      "target": "Transportation",
      "value": 1.41
    },
    {
      "source": "Petroleum",
      "target": "Electricity_Generation",
      "value": 0.24
    },
    {
      "source": "Petroleum",
      "target": "Residential",
      "value": 0.96
    },
    {
      "source": "Petroleum",
      "target": "Commercial",
      "value": 0.85
    },
    {
      "source": "Petroleum",
      "target": "Industrial",
      "value": 8.86
    },
    {
      "source": "Petroleum",
      "target": "Transportation",
      "value": 26.0
    },
    {
      "source": "Net_Electricity_Import",
      "target": "Residential",
      "value": 0.05
    },
    {
      "source": "Electricity_Generation",
      "target": "Residential",
      "value": 5.0
    },
    {
      "source": "Electricity_Generation",
      "target": "Commercial",
      "value": 4.7
    },
    {
      "source": "Electricity_Generation",
      "target": "Industrial",
      "value": 3.25
    },
    {
      "source": "Electricity_Generation",
      "target": "Transportation",
      "value": 0.03
    },
    {
      "source": "Electricity_Generation",
      "target": "Rejected_Energy",
      "value": 25.3
    },
    {
      "source": "Residential",
      "target": "Rejected_Energy",
      "value": 4.16
    },
    {
      "source": "Commercial",
      "target": "Rejected_Energy",
      "value": 3.31
    },
    {
      "source": "Industrial",
      "target": "Rejected_Energy",
      "value": 13.4
    },
    {
      "source": "Transportation",
      "target": "Rejected_Energy",
      "value": 22.4
    },
    {
      "source": "Residential",
      "target": "Energy_Services",
      "value": 7.72
    },
    {
      "source": "Commercial",
      "target": "Energy_Services",
      "value": 6.14
    },
    {
      "source": "Industrial",
      "target": "Energy_Services",
      "value": 12.9
    },
    {
      "source": "Transportation",
      "target": "Energy_Services",
      "value": 5.95
    }
  ]
}